,group,accuracy,loss
0,[0 0],0.9523049812668409,0.24379097907700645
1,[1 0],0.9909067950569667,0.03759826128530746
2,[0 1],0.8643804886975349,0.7145657061982302
3,[1 1],0.4497455476804544,3.7119512904951932
