,group,accuracy,loss
0,-1,0.9549624226414241,0.13865539501122653
1,[0 0],0.9632831030549147,0.10943839571887228
2,[1 0],0.9982698261737823,0.0063608435273822695
3,[0 1],0.8430050952503314,0.4323214320909389
4,[1 1],0.21564885518933072,3.171676363011303
