,loss,accuracy,r1,r2
0,1.1238952279090881,0.696484375,0.9,0.1
1,1.105424703657627,0.696875,0.8,0.2
2,1.1566840201616286,0.6806640625,0.7000000000000001,0.30000000000000004
3,1.1173622332513333,0.690234375,0.6000000000000001,0.4
4,1.1365928158164025,0.6857421875,0.5,0.5
5,1.1360182523727418,0.682421875,0.4,0.6000000000000001
6,1.1415324568748475,0.683203125,0.30000000000000004,0.7000000000000001
7,1.1850870341062545,0.6712890625,0.2,0.8
8,1.1751262098550797,0.6736328125,0.1,0.9
