,loss,accuracy,r1,r2
0,1.1570161059498787,0.68984375,0.9,0.1
1,1.14971115142107,0.6916015625,0.8,0.2
2,1.188220976293087,0.680078125,0.7000000000000001,0.30000000000000004
3,1.1626666598021984,0.6859375,0.6000000000000001,0.4
4,1.2173753947019577,0.675,0.5,0.5
5,1.2331195294857025,0.6720703125,0.4,0.6000000000000001
6,1.2616812109947204,0.6744140625,0.30000000000000004,0.7000000000000001
7,1.3074327632784843,0.66796875,0.2,0.8
8,1.3377547144889832,0.66328125,0.1,0.9
