,loss,accuracy,r1,r2
0,1.7062945395708085,0.59609375,0.9,0.1
1,1.6253171652555465,0.6140625,0.8,0.2
2,1.5913540124893188,0.620703125,0.7000000000000001,0.30000000000000004
3,1.483987568318844,0.6443359375,0.6000000000000001,0.4
4,1.4480244576931,0.652734375,0.5,0.5
5,1.3701151490211487,0.6693359375,0.4,0.6000000000000001
6,1.340210737287998,0.680078125,0.30000000000000004,0.7000000000000001
7,1.276679126918316,0.6951171875,0.2,0.8
8,1.2179361298680305,0.7037109375,0.1,0.9
