,loss,accuracy,r1,r2
0,1.6900447219610215,0.5951171875,0.9,0.1
1,1.5973378255963326,0.6056640625,0.8,0.2
2,1.573864111304283,0.608203125,0.7000000000000001,0.30000000000000004
3,1.4435815826058387,0.63984375,0.6000000000000001,0.4
4,1.3997358351945877,0.6462890625,0.5,0.5
5,1.303889773786068,0.6669921875,0.4,0.6000000000000001
6,1.2417025238275528,0.6822265625,0.30000000000000004,0.7000000000000001
7,1.1890336111187936,0.689453125,0.2,0.8
8,1.0922316059470176,0.7033203125,0.1,0.9
