,group,accuracy,loss
0,-1,0.9443350739968128,0.15568263820396402
1,[0 0],0.9588286943542652,0.10813942771906462
2,[1 0],0.9894555392555702,0.03558262539072297
3,[0 1],0.7826470256520387,0.5944291666741125
4,[1 1],0.46692112019953835,1.7268978125195353
