,group,accuracy,loss
0,-1,0.9436828429118181,0.20799574843392923
1,[0 0],0.9634293566147486,0.13396175217349082
2,[1 0],0.9942839390192276,0.016060032149723086
3,[0 1],0.7545727988084158,0.8767609097457563
4,[1 1],0.3593457952559551,2.975963092977007
